<?xml version="1.0" encoding="utf-8" ?>
<ServiceManifest Name="WordCountServicePkg" Version="1.0.0" xmlns="http://schemas.microsoft.com/2011/01/fabric" xmlns:xsi="http://www.w3.org/2001/XMLSchema-instance">
  <ServiceTypes>
    <StatefulServiceType ServiceTypeName="WordCountServiceType" HasPersistedState="true" />
  </ServiceTypes>
  <CodePackage Name="Code" Version="1.0.0">
    <EntryPoint>
      <ExeHost>
        <Program>WordCount.Service.exe</Program>
      </ExeHost>
    </EntryPoint>
  </CodePackage>
  <ConfigPackage Name="Config" Version="1.0.0" />
  <Resources>
    <Endpoints>
      <Endpoint Name="ServiceEndpoint" Type="Input" Protocol="http" />
      <Endpoint Name="ReplicatorEndpoint" />
    </Endpoints>
  </Resources>
</ServiceManifest>
