﻿<?xml version="1.0" encoding="utf-8"?>
<ServiceManifest xmlns:xsd="http://www.w3.org/2001/XMLSchema" xmlns:xsi="http://www.w3.org/2001/XMLSchema-instance" Name="WebServer" Version="1.0" xmlns="http://schemas.microsoft.com/2011/01/fabric">
   <ServiceTypes>
      <StatelessServiceType ServiceTypeName="WebServer" UseImplicitHost="true">
         <Extensions>
            <Extension Name="__GeneratedServiceType__">
               <GeneratedNames xmlns="http://schemas.microsoft.com/2015/03/fabact-no-schema">
                  <DefaultService Name="WebServerService" />
                  <ServiceEndpoint Name="WebServerTypeEndpoint" />
               </GeneratedNames>
            </Extension>
         </Extensions>
      </StatelessServiceType>
   </ServiceTypes>
   <CodePackage Name="C" Version="1.0">
      <EntryPoint>
         <ExeHost>
            <Program>SimpleWebServer.exe</Program>
            <WorkingFolder>CodePackage</WorkingFolder>
         </ExeHost>
      </EntryPoint>
   </CodePackage>
   <Resources>
      <Endpoints>
         <Endpoint Name="WebServerTypeEndpoint" Protocol="http" Port="8080" Type="Input" />
      </Endpoints>
   </Resources>
</ServiceManifest>