<?xml version="1.0" encoding="utf-8" ?>
<ServiceManifest Name="WordCountWebServicePkg" Version="1.0.0" xmlns="http://schemas.microsoft.com/2011/01/fabric" xmlns:xsi="http://www.w3.org/2001/XMLSchema-instance">
  <ServiceTypes>
    <StatelessServiceType ServiceTypeName="WordCountWebServiceType" />
  </ServiceTypes>
  <CodePackage Name="Code" Version="1.0.0">
    <EntryPoint>
      <ExeHost>
        <Program>WordCount.WebService.exe</Program>
      </ExeHost>
    </EntryPoint>
  </CodePackage>
  <Resources>
    <Endpoints>
      <!-- 
          Use the dynamic port to allow running multiple instances of the Word Count 
          applications in the cluster and connect them through the application gateway. 
      
      <Endpoint Name="ServiceEndpoint" Type="Input" Protocol="http" />
      -->

      <!--
        You can also listen on a specific port. 
       -->
      <Endpoint Name="ServiceEndpoint" Type="Input" Protocol="http" Port="8081" />
      
    </Endpoints>
  </Resources>
</ServiceManifest>