﻿<?xml version="1.0" encoding="utf-8"?>
<ServiceManifest xmlns:xsd="http://www.w3.org/2001/XMLSchema" xmlns:xsi="http://www.w3.org/2001/XMLSchema-instance" Name="VisualObjects.ActorServicePkg" Version="1.0.0" xmlns="http://schemas.microsoft.com/2011/01/fabric">
  <ServiceTypes>
    <StatefulServiceType ServiceTypeName="VisualObjects.ActorServiceType" HasPersistedState="true">
      <Extensions>
        <Extension Name="__GeneratedServiceType__" GeneratedId="e9ba88d7-7199-42f5-94fc-f093573f46c5|Persisted">
          <GeneratedNames xmlns="http://schemas.microsoft.com/2015/03/fabact-no-schema">
            <DefaultService Name="VisualObjects.ActorService" />
            <ServiceEndpoint Name="VisualObjects.ActorServiceEndpoint" />
            <ReplicatorEndpoint Name="VisualObjects.ActorServiceReplicatorEndpoint" />
            <ReplicatorConfigSection Name="VisualObjects.ActorServiceReplicatorConfig" />
            <ReplicatorSecurityConfigSection Name="VisualObjects.ActorServiceReplicatorSecurityConfig" />
            <StoreConfigSection Name="VisualObjects.ActorServiceLocalStoreConfig" />
          </GeneratedNames>
        </Extension>
      </Extensions>
    </StatefulServiceType>
  </ServiceTypes>
  <CodePackage Name="Code" Version="1.0.0">
    <EntryPoint>
      <ExeHost>
        <Program>VisualObjects.ActorService.exe</Program>
      </ExeHost>
    </EntryPoint>
  </CodePackage>
  <ConfigPackage Name="Config" Version="1.0.0" />
  <Resources>
    <Endpoints>
      <Endpoint Name="VisualObjects.ActorServiceEndpoint" />
      <Endpoint Name="VisualObjects.ActorServiceReplicatorEndpoint" />
    </Endpoints>
  </Resources>
</ServiceManifest>