﻿<?xml version="1.0" encoding="utf-8"?>
<ApplicationManifest xmlns:xsd="http://www.w3.org/2001/XMLSchema" xmlns:xsi="http://www.w3.org/2001/XMLSchema-instance" ApplicationTypeName="WebServerType" ApplicationTypeVersion="1.0" xmlns="http://schemas.microsoft.com/2011/01/fabric">
   <ServiceManifestImport>
      <ServiceManifestRef ServiceManifestName="WebServer" ServiceManifestVersion="1.0" />
   </ServiceManifestImport>
   <DefaultServices>
      <Service Name="WebServerService">
         <StatelessService ServiceTypeName="WebServer">
            <SingletonPartition />
         </StatelessService>
      </Service>
   </DefaultServices>
</ApplicationManifest>