﻿<?xml version="1.0" encoding="utf-8"?>
<ApplicationManifest xmlns:xsd="http://www.w3.org/2001/XMLSchema" xmlns:xsi="http://www.w3.org/2001/XMLSchema-instance" ApplicationTypeName="CalculatorApplicationType" ApplicationTypeVersion="1.0.0" xmlns="http://schemas.microsoft.com/2011/01/fabric">
  <Parameters>
    <Parameter Name="CalculatorService_InstanceCount" DefaultValue="-1" />
  </Parameters>
  <ServiceManifestImport>
    <ServiceManifestRef ServiceManifestName="Calculator.ServicePkg" ServiceManifestVersion="1.0.0" />
    <ConfigOverrides />
  </ServiceManifestImport>
  <DefaultServices>
    <Service Name="CalculatorService">
      <StatelessService ServiceTypeName="CalculatorServiceType" InstanceCount="[CalculatorService_InstanceCount]">
        <SingletonPartition />
      </StatelessService>
    </Service>
  </DefaultServices>
</ApplicationManifest>